"DESCRIPTION","DURATION IN MS","NAME","PARENT SUITE","START TIME","STATUS","STOP TIME","SUB SUITE","SUITE","TEST CLASS","TEST METHOD"
"","1161","Точки начала и конца маршрута различны и отображаются в границах карты","test","2026-08-16","passed","2026-08-16","TestRouteRendering","test_route_rendering","",""
"","1474","На карте отображаются две точки маршрута: Хамовнический Вал, 34 -> Зубовский бульвар, 37","test","2026-08-16","passed","2026-08-16","TestRouteRendering","test_route_rendering","",""
"","1445","На карте отображаются две точки маршрута: Зубовский бульвар, 37 -> Хамовнический Вал, 34","test","2026-08-16","passed","2026-08-16","TestRouteRendering","test_route_rendering","",""
"","1564","Под тарифами отображается блок полей заказа: Хамовнический Вал, 34 -> Зубовский бульвар, 37","test","2026-08-16","passed","2026-08-16","TestTaxiTariffOrder","test_taxi_tariff_order","",""
"","1404","Тултип тарифа «Отпускной» при наведении на i показывает описание по ТЗ","test","2026-08-16","passed","2026-08-16","TestTaxiTariffOrder","test_taxi_tariff_order","",""
"","985","Тултип тарифа «Сонный» при наведении на i показывает описание по ТЗ","test","2026-08-16","skipped","2026-08-16","TestTaxiTariffOrder","test_taxi_tariff_order","",""
"","1347","В виде маршрута «Свой» активируются все типы передвижения: Зубовский бульвар, 37 -> Хамовнический Вал, 34","test","2026-08-16","passed","2026-08-16","TestTaxiOrderPreparation","test_taxi_order_preparation","",""
"","1300","Тултип тарифа «Утешительный» при наведении на i показывает описание по ТЗ","test","2026-08-16","passed","2026-08-16","TestTaxiTariffOrder","test_taxi_tariff_order","",""
"","1082","Под блоком адресов отображается блок с выбором маршрута: Зубовский бульвар, 37 -> Хамовнический Вал, 34","test","2026-08-16","passed","2026-08-16","TestRoutePickerBlock","test_route_picker","",""
"","1311","Тултип тарифа «Рабочий» при наведении на i показывает описание по ТЗ","test","2026-08-16","passed","2026-08-16","TestTaxiTariffOrder","test_taxi_tariff_order","",""
"","954","При одинаковых адресах отображается блок с текстом «Авто Бесплатно В пути 0 мин.»","test","2026-08-16","passed","2026-08-16","TestRoutePickerBlock","test_route_picker","",""
"","27826","Оформление заказа такси: окно поиска машины, совершенный заказ, стоимость в деталях и отмена","test","2026-08-16","passed","2026-08-16","TestTaxiOrderFlow","test_taxi_order_flow","",""
"","1628","Подписи точек маршрута соответствуют введённым адресам (hover)","test","2026-08-16","passed","2026-08-16","TestRouteRendering","test_route_rendering","",""
"","1579","Под тарифами отображается блок полей заказа: Зубовский бульвар, 37 -> Хамовнический Вал, 34","test","2026-08-16","passed","2026-08-16","TestTaxiTariffOrder","test_taxi_tariff_order","",""
"","1667","Подписи точек маршрута соответствуют введённым адресам (hover)","test","2026-08-16","passed","2026-08-16","TestRouteRendering","test_route_rendering","",""
"","1107","Точки начала и конца маршрута различны и отображаются в границах карты","test","2026-08-16","passed","2026-08-16","TestRouteRendering","test_route_rendering","",""
"","1179","В виде маршрута «Быстрый» активна кнопка «Вызвать такси»: Зубовский бульвар, 37 -> Хамовнический Вал, 34","test","2026-08-16","passed","2026-08-16","TestTaxiOrderPreparation","test_taxi_order_preparation","",""
"","1176","В виде маршрута «Быстрый» активна кнопка «Вызвать такси»: Хамовнический Вал, 34 -> Зубовский бульвар, 37","test","2026-08-16","passed","2026-08-16","TestTaxiOrderPreparation","test_taxi_order_preparation","",""
"","1136","Под блоком адресов отображается блок с выбором маршрута: Хамовнический Вал, 34 -> Зубовский бульвар, 37","test","2026-08-16","passed","2026-08-16","TestRoutePickerBlock","test_route_picker","",""
"","1513","Форма заказа такси показывает 6 тарифов по ТЗ, один из них активный: Зубовский бульвар, 37 -> Хамовнический Вал, 34","test","2026-08-16","passed","2026-08-16","TestTaxiTariffOrder","test_taxi_tariff_order","",""
"","1455","Форма заказа такси показывает 6 тарифов по ТЗ, один из них активный: Хамовнический Вал, 34 -> Зубовский бульвар, 37","test","2026-08-16","passed","2026-08-16","TestTaxiTariffOrder","test_taxi_tariff_order","",""
"","1711","Переключение между видами маршрута меняет активный таб и пересчитывает время и стоимость: Зубовский бульвар, 37 -> Хамовнический Вал, 34","test","2026-08-16","passed","2026-08-16","TestTaxiOrderPreparation","test_taxi_order_preparation","",""
"","1547","В виде маршрута «Свой» с типом «Драйв» активна кнопка «Забронировать»: Зубовский бульвар, 37 -> Хамовнический Вал, 34","test","2026-08-16","passed","2026-08-16","TestTaxiOrderPreparation","test_taxi_order_preparation","",""
"","1501","В виде маршрута «Свой» с типом «Драйв» активна кнопка «Забронировать»: Хамовнический Вал, 34 -> Зубовский бульвар, 37","test","2026-08-16","passed","2026-08-16","TestTaxiOrderPreparation","test_taxi_order_preparation","",""
"","1667","Переключение между видами маршрута меняет активный таб и пересчитывает время и стоимость: Хамовнический Вал, 34 -> Зубовский бульвар, 37","test","2026-08-16","passed","2026-08-16","TestTaxiOrderPreparation","test_taxi_order_preparation","",""
"","997","Тултип тарифа «Разговорчивый» при наведении на i показывает описание по ТЗ","test","2026-08-16","skipped","2026-08-16","TestTaxiTariffOrder","test_taxi_tariff_order","",""
"","1302","В виде маршрута «Свой» активируются все типы передвижения: Хамовнический Вал, 34 -> Зубовский бульвар, 37","test","2026-08-16","passed","2026-08-16","TestTaxiOrderPreparation","test_taxi_order_preparation","",""
"","1359","Тултип тарифа «Глянцевый» при наведении на i показывает описание по ТЗ","test","2026-08-16","passed","2026-08-16","TestTaxiTariffOrder","test_taxi_tariff_order","",""
